-- phpMyAdmin SQL Dump
-- version 5.2.1
-- https://www.phpmyadmin.net/
--
-- Servidor: 127.0.0.1
-- Tiempo de generación: 04-08-2025 a las 17:07:47
-- Versión del servidor: 10.4.32-MariaDB
-- Versión de PHP: 8.2.12

SET SQL_MODE = "NO_AUTO_VALUE_ON_ZERO";
START TRANSACTION;
SET time_zone = "+00:00";


/*!40101 SET @OLD_CHARACTER_SET_CLIENT=@@CHARACTER_SET_CLIENT */;
/*!40101 SET @OLD_CHARACTER_SET_RESULTS=@@CHARACTER_SET_RESULTS */;
/*!40101 SET @OLD_COLLATION_CONNECTION=@@COLLATION_CONNECTION */;
/*!40101 SET NAMES utf8mb4 */;

--
-- Base de datos: `medicontrol`
--

-- --------------------------------------------------------

--
-- Estructura de tabla para la tabla `cargo`
--

CREATE TABLE `cargo` (
  `idCargo` int(1) NOT NULL,
  `cargo` varchar(50) NOT NULL
) ENGINE=InnoDB DEFAULT CHARSET=utf8mb4 COLLATE=utf8mb4_general_ci;

--
-- Volcado de datos para la tabla `cargo`
--

INSERT INTO `cargo` (`idCargo`, `cargo`) VALUES
(1, 'Gerente General'),
(2, 'Gerente Técnico'),
(3, 'Almacenista'),
(4, 'Auxiliar Contable'),
(5, 'Auxiliar de Almacén'),
(6, 'Soporte Técnico');

-- --------------------------------------------------------

--
-- Estructura de tabla para la tabla `ciudad`
--

CREATE TABLE `ciudad` (
  `idCiudad` int(4) NOT NULL,
  `ciudad` varchar(50) CHARACTER SET utf8mb4 COLLATE utf8mb4_spanish2_ci NOT NULL,
  `idDepartamento` int(2) NOT NULL
) ENGINE=InnoDB DEFAULT CHARSET=utf8mb4 COLLATE=utf8mb4_general_ci;

--
-- Volcado de datos para la tabla `ciudad`
--

INSERT INTO `ciudad` (`idCiudad`, `ciudad`, `idDepartamento`) VALUES
(1, 'Bogotá D.C.', 5),
(2, 'Leticia', 1),
(3, 'El Encanto', 1),
(4, 'La Chorrera', 1),
(5, 'La Pedrera', 1),
(6, 'La Victoria', 1),
(7, 'Puerto Arica', 1),
(8, 'Puerto Nariño', 1),
(9, 'Puerto Santander', 1),
(10, 'Tarapacá', 1),
(11, 'MEDELLÍN', 2),
(12, 'ABEJORRAL', 2),
(13, 'ABRIAQUÍ', 2),
(14, 'ALEJANDRÍA', 2),
(15, 'AMAGÁ', 2),
(16, 'AMALFI', 2),
(17, 'ANDES', 2),
(18, 'ANGELÓPOLIS', 2),
(19, 'ANGOSTURA', 2),
(20, 'ANORÍ', 2),
(21, 'SANTA FÉ DE ANTIOQUIA', 2),
(22, 'ANZÁ', 2),
(23, 'APARTADÓ', 2),
(24, 'ARBOLETES', 2),
(25, 'ARGELIA', 2),
(26, 'ARMENIA', 2),
(27, 'BARBOSA', 2),
(28, 'BELMIRA', 2),
(29, 'BELLO', 2),
(30, 'BETANIA', 2),
(31, 'BETULIA', 2),
(32, 'CIUDAD BOLÍVAR', 2),
(33, 'BRICEÑO', 2),
(34, 'BURITICÁ', 2),
(35, 'CÁCERES', 2),
(36, 'CAICEDO', 2),
(37, 'CALDAS', 2),
(38, 'CAMPAMENTO', 2),
(39, 'CAÑASGORDAS', 2),
(40, 'CARACOLÍ', 2),
(41, 'CARAMANTA', 2),
(42, 'CAREPA', 2),
(43, 'EL CARMEN DE VIBORAL', 2),
(44, 'CAROLINA', 2),
(45, 'CAUCASIA', 2),
(46, 'CHIGORODÓ', 2),
(47, 'CISNEROS', 2),
(48, 'COCORNÁ', 2),
(49, 'CONCEPCIÓN', 2),
(50, 'CONCORDIA', 2),
(51, 'COPACABANA', 2),
(52, 'DABEIBA', 2),
(53, 'DONMATÍAS', 2),
(54, 'EBÉJICO', 2),
(55, 'EL BAGRE', 2),
(56, 'ENTRERRÍOS', 2),
(57, 'ENVIGADO', 2),
(58, 'FREDONIA', 2),
(59, 'FRONTINO', 2),
(60, 'GIRALDO', 2),
(61, 'GIRARDOTA', 2),
(62, 'GÓMEZ PLATA', 2),
(63, 'GRANADA', 2),
(64, 'GUADALUPE', 2),
(65, 'GUARNE', 2),
(66, 'GUATAPÉ', 2),
(67, 'HELICONIA', 2),
(68, 'HISPANIA', 2),
(69, 'ITAGÜÍ', 2),
(70, 'ITUANGO', 2),
(71, 'JARDÍN', 2),
(72, 'JERICÓ', 2),
(73, 'LA CEJA', 2),
(74, 'LA ESTRELLA', 2),
(75, 'LA PINTADA', 2),
(76, 'LA UNIÓN', 2),
(77, 'LIBORINA', 2),
(78, 'MACEO', 2),
(79, 'MARINILLA', 2),
(80, 'MONTEBELLO', 2),
(81, 'MURINDÓ', 2),
(82, 'MUTATÁ', 2),
(83, 'NARIÑO', 2),
(84, 'NECOCLÍ', 2),
(85, 'NECHÍ', 2),
(86, 'OLAYA', 2),
(87, 'PEÑOL', 2),
(88, 'PEQUE', 2),
(89, 'PUEBLORRICO', 2),
(90, 'PUERTO BERRÍO', 2),
(91, 'PUERTO NARE', 2),
(92, 'PUERTO TRIUNFO', 2),
(93, 'REMEDIOS', 2),
(94, 'RETIRO', 2),
(95, 'RIONEGRO', 2),
(96, 'SABANALARGA', 2),
(97, 'SABANETA', 2),
(98, 'SALGAR', 2),
(99, 'SAN ANDRÉS DE CUERQUÍA', 2),
(100, 'SAN CARLOS', 2),
(101, 'SAN FRANCISCO', 2),
(102, 'SAN JERÓNIMO', 2),
(103, 'SAN JOSÉ DE LA MONTAÑA', 2),
(104, 'SAN JUAN DE URABÁ', 2),
(105, 'SAN LUIS', 2),
(106, 'SAN PEDRO DE LOS MILAGROS', 2),
(107, 'SAN PEDRO DE URABÁ', 2),
(108, 'SAN RAFAEL', 2),
(109, 'SAN ROQUE', 2),
(110, 'SAN VICENTE FERRER', 2),
(111, 'SANTA BÁRBARA', 2),
(112, 'SANTA ROSA DE OSOS', 2),
(113, 'SANTO DOMINGO', 2),
(114, 'EL SANTUARIO', 2),
(115, 'SEGOVIA', 2),
(116, 'SONSÓN', 2),
(117, 'SOPETRÁN', 2),
(118, 'TÁMESIS', 2),
(119, 'TARAZÁ', 2),
(120, 'TARSO', 2),
(121, 'TITIRIBÍ', 2),
(122, 'TOLEDO', 2),
(123, 'TURBO', 2),
(124, 'URAMITA', 2),
(125, 'URRAO', 2),
(126, 'VALDIVIA', 2),
(127, 'VALPARAÍSO', 2),
(128, 'VEGACHÍ', 2),
(129, 'VENECIA', 2),
(130, 'VIGÍA DEL FUERTE', 2),
(131, 'YALÍ', 2),
(132, 'YARUMAL', 2),
(133, 'YOLOMBÓ', 2),
(134, 'YONDÓ', 2),
(135, 'ZARAGOZA', 2),
(136, 'BARRANQUILLA', 4),
(137, 'BARANOA', 4),
(138, 'CAMPO DE LA CRUZ', 4),
(139, 'CANDELARIA', 4),
(140, 'GALAPA', 4),
(141, 'JUAN DE ACOSTA', 4),
(142, 'LURUACO', 4),
(143, 'MALAMBO', 4),
(144, 'MANATÍ', 4),
(145, 'PALMAR DE VARELA', 4),
(146, 'PIOJÓ', 4),
(147, 'POLONUEVO', 4),
(148, 'PONEDERA', 4),
(149, 'PUERTO COLOMBIA', 4),
(150, 'REPELÓN', 4),
(151, 'SABANAGRANDE', 4),
(152, 'SABANALARGA', 4),
(153, 'SANTA LUCÍA', 4),
(154, 'SANTO TOMÁS', 4),
(155, 'SOLEDAD', 4),
(156, 'SUAN', 4),
(157, 'TUBARÁ', 4),
(158, 'USIACURÍ', 4),
(159, 'BOGOTÁ, D.C.', 5),
(160, 'CARTAGENA DE INDIAS', 6),
(161, 'ACHÍ', 6),
(162, 'ALTOS DEL ROSARIO', 6),
(163, 'ARENAL', 6),
(164, 'ARJONA', 6),
(165, 'ARROYOHONDO', 6),
(166, 'BARRANCO DE LOBA', 6),
(167, 'CALAMAR', 6),
(168, 'CANTAGALLO', 6),
(169, 'CICUCO', 6),
(170, 'CÓRDOBA', 6),
(171, 'CLEMENCIA', 6),
(172, 'EL CARMEN DE BOLÍVAR', 6),
(173, 'EL GUAMO', 6),
(174, 'EL PEÑÓN', 6),
(175, 'HATILLO DE LOBA', 6),
(176, 'MAGANGUÉ', 6),
(177, 'MAHATES', 6),
(178, 'MARGARITA', 6),
(179, 'MARÍA LA BAJA', 6),
(180, 'MONTECRISTO', 6),
(181, 'SANTA CRUZ DE MOMPOX', 6),
(182, 'MORALES', 6),
(183, 'NOROSÍ', 6),
(184, 'PINILLOS', 6),
(185, 'REGIDOR', 6),
(186, 'RÍO VIEJO', 6),
(187, 'SAN CRISTÓBAL', 6),
(188, 'SAN ESTANISLAO', 6),
(189, 'SAN FERNANDO', 6),
(190, 'SAN JACINTO', 6),
(191, 'SAN JACINTO DEL CAUCA', 6),
(192, 'SAN JUAN NEPOMUCENO', 6),
(193, 'SAN MARTÍN DE LOBA', 6),
(194, 'SAN PABLO', 6),
(195, 'SANTA CATALINA', 6),
(196, 'SANTA ROSA', 6),
(197, 'SANTA ROSA DEL SUR', 6),
(198, 'SIMITÍ', 6),
(199, 'SOPLAVIENTO', 6),
(200, 'TALAIGUA NUEVO', 6),
(201, 'TIQUISIO', 6),
(202, 'TURBACO', 6),
(203, 'TURBANÁ', 6),
(204, 'VILLANUEVA', 6),
(205, 'ZAMBRANO', 6),
(206, 'TUNJA', 7),
(207, 'ALMEIDA', 7),
(208, 'AQUITANIA', 7),
(209, 'ARCABUCO', 7),
(210, 'BELÉN', 7),
(211, 'BERBEO', 7),
(212, 'BETÉITIVA', 7),
(213, 'BOAVITA', 7),
(214, 'BOYACÁ', 7),
(215, 'BRICEÑO', 7),
(216, 'BUENAVISTA', 7),
(217, 'BUSBANZÁ', 7),
(218, 'CALDAS', 7),
(219, 'CAMPOHERMOSO', 7),
(220, 'CERINZA', 7),
(221, 'CHINAVITA', 7),
(222, 'CHIQUINQUIRÁ', 7),
(223, 'CHISCAS', 7),
(224, 'CHITA', 7),
(225, 'CHITARAQUE', 7),
(226, 'CHIVATÁ', 7),
(227, 'CIÉNEGA', 7),
(228, 'CÓMBITA', 7),
(229, 'COPER', 7),
(230, 'CORRALES', 7),
(231, 'COVARACHÍA', 7),
(232, 'CUBARÁ', 7),
(233, 'CUCAITA', 7),
(234, 'CUÍTIVA', 7),
(235, 'CHÍQUIZA', 7),
(236, 'CHIVOR', 7),
(237, 'DUITAMA', 7),
(238, 'EL COCUY', 7),
(239, 'EL ESPINO', 7),
(240, 'FIRAVITOBA', 7),
(241, 'FLORESTA', 7),
(242, 'GACHANTIVÁ', 7),
(243, 'GÁMEZA', 7),
(244, 'GARAGOA', 7),
(245, 'GUACAMAYAS', 7),
(246, 'GUATEQUE', 7),
(247, 'GUAYATÁ', 7),
(248, 'GÜICÁN DE LA SIERRA', 7),
(249, 'IZA', 7),
(250, 'JENESANO', 7),
(251, 'JERICÓ', 7),
(252, 'LABRANZAGRANDE', 7),
(253, 'LA CAPILLA', 7),
(254, 'LA VICTORIA', 7),
(255, 'LA UVITA', 7),
(256, 'VILLA DE LEYVA', 7),
(257, 'MACANAL', 7),
(258, 'MARIPÍ', 7),
(259, 'MIRAFLORES', 7),
(260, 'MONGUA', 7),
(261, 'MONGUÍ', 7),
(262, 'MONIQUIRÁ', 7),
(263, 'MOTAVITA', 7),
(264, 'MUZO', 7),
(265, 'NOBSA', 7),
(266, 'NUEVO COLÓN', 7),
(267, 'OICATÁ', 7),
(268, 'OTANCHE', 7),
(269, 'PACHAVITA', 7),
(270, 'PÁEZ', 7),
(271, 'PAIPA', 7),
(272, 'PAJARITO', 7),
(273, 'PANQUEBA', 7),
(274, 'PAUNA', 7),
(275, 'PAYA', 7),
(276, 'PAZ DE RÍO', 7),
(277, 'PESCA', 7),
(278, 'PISBA', 7),
(279, 'PUERTO BOYACÁ', 7),
(280, 'QUÍPAMA', 7),
(281, 'RAMIRIQUÍ', 7),
(282, 'RÁQUIRA', 7),
(283, 'RONDÓN', 7),
(284, 'SABOYÁ', 7),
(285, 'SÁCHICA', 7),
(286, 'SAMACÁ', 7),
(287, 'SAN EDUARDO', 7),
(288, 'SAN JOSÉ DE PARE', 7),
(289, 'SAN LUIS DE GACENO', 7),
(290, 'SAN MATEO', 7),
(291, 'SAN MIGUEL DE SEMA', 7),
(292, 'SAN PABLO DE BORBUR', 7),
(293, 'SANTANA', 7),
(294, 'SANTA MARÍA', 7),
(295, 'SANTA ROSA DE VITERBO', 7),
(296, 'SANTA SOFÍA', 7),
(297, 'SATIVANORTE', 7),
(298, 'SATIVASUR', 7),
(299, 'SIACHOQUE', 7),
(300, 'SOATÁ', 7),
(301, 'SOCOTÁ', 7),
(302, 'SOCHA', 7),
(303, 'SOGAMOSO', 7),
(304, 'SOMONDOCO', 7),
(305, 'SORA', 7),
(306, 'SOTAQUIRÁ', 7),
(307, 'SORACÁ', 7),
(308, 'SUSACÓN', 7),
(309, 'SUTAMARCHÁN', 7),
(310, 'SUTATENZA', 7),
(311, 'TASCO', 7),
(312, 'TENZA', 7),
(313, 'TIBANÁ', 7),
(314, 'TIBASOSA', 7),
(315, 'TINJACÁ', 7),
(316, 'TIPACOQUE', 7),
(317, 'TOCA', 7),
(318, 'TOGÜÍ', 7),
(319, 'TÓPAGA', 7),
(320, 'TOTA', 7),
(321, 'TUNUNGUÁ', 7),
(322, 'TURMEQUÉ', 7),
(323, 'TUTA', 7),
(324, 'TUTAZÁ', 7),
(325, 'ÚMBITA', 7),
(326, 'VENTAQUEMADA', 7),
(327, 'VIRACACHÁ', 7),
(328, 'ZETAQUIRA', 7),
(329, 'MANIZALES', 8),
(330, 'AGUADAS', 8),
(331, 'ANSERMA', 8),
(332, 'ARANZAZU', 8),
(333, 'BELALCÁZAR', 8),
(334, 'CHINCHINÁ', 8),
(335, 'FILADELFIA', 8),
(336, 'LA DORADA', 8),
(337, 'LA MERCED', 8),
(338, 'MANZANARES', 8),
(339, 'MARMATO', 8),
(340, 'MARQUETALIA', 8),
(341, 'MARULANDA', 8),
(342, 'NEIRA', 8),
(343, 'NORCASIA', 8),
(344, 'PÁCORA', 8),
(345, 'PALESTINA', 8),
(346, 'PENSILVANIA', 8),
(347, 'RIOSUCIO', 8),
(348, 'RISARALDA', 8),
(349, 'SALAMINA', 8),
(350, 'SAMANÁ', 8),
(351, 'SAN JOSÉ', 8),
(352, 'SUPÍA', 8),
(353, 'VICTORIA', 8),
(354, 'VILLAMARÍA', 8),
(355, 'VITERBO', 8),
(356, 'FLORENCIA', 9),
(357, 'ALBANIA', 9),
(358, 'BELÉN DE LOS ANDAQUÍES', 9),
(359, 'CARTAGENA DEL CHAIRÁ', 9),
(360, 'CURILLO', 9),
(361, 'EL DONCELLO', 9),
(362, 'EL PAUJÍL', 9),
(363, 'LA MONTAÑITA', 9),
(364, 'MILÁN', 9),
(365, 'MORELIA', 9),
(366, 'PUERTO RICO', 9),
(367, 'SAN JOSÉ DEL FRAGUA', 9),
(368, 'SAN VICENTE DEL CAGUÁN', 9),
(369, 'SOLANO', 9),
(370, 'SOLITA', 9),
(371, 'VALPARAÍSO', 9),
(372, 'POPAYÁN', 11),
(373, 'ALMAGUER', 11),
(374, 'ARGELIA', 11),
(375, 'BALBOA', 11),
(376, 'BOLÍVAR', 11),
(377, 'BUENOS AIRES', 11),
(378, 'CAJIBÍO', 11),
(379, 'CALDONO', 11),
(380, 'CALOTO', 11),
(381, 'CORINTO', 11),
(382, 'EL TAMBO', 11),
(383, 'FLORENCIA', 11),
(384, 'GUACHENÉ', 11),
(385, 'GUAPI', 11),
(386, 'INZÁ', 11),
(387, 'JAMBALÓ', 11),
(388, 'LA SIERRA', 11),
(389, 'LA VEGA', 11),
(390, 'LÓPEZ DE MICAY', 11),
(391, 'MERCADERES', 11),
(392, 'MIRANDA', 11),
(393, 'MORALES', 11),
(394, 'PADILLA', 11),
(395, 'PÁEZ', 11),
(396, 'PATÍA', 11),
(397, 'PIAMONTE', 11),
(398, 'PIENDAMÓ - TUNÍA', 11),
(399, 'PUERTO TEJADA', 11),
(400, 'PURACÉ', 11),
(401, 'ROSAS', 11),
(402, 'SAN SEBASTIÁN', 11),
(403, 'SANTANDER DE QUILICHAO', 11),
(404, 'SANTA ROSA', 11),
(405, 'SILVIA', 11),
(406, 'SOTARÁ - PAISPAMBA', 11),
(407, 'SUÁREZ', 11),
(408, 'SUCRE', 11),
(409, 'TIMBÍO', 11),
(410, 'TIMBIQUÍ', 11),
(411, 'TORIBÍO', 11),
(412, 'TOTORÓ', 11),
(413, 'VILLA RICA', 11),
(414, 'VALLEDUPAR', 12),
(415, 'AGUACHICA', 12),
(416, 'AGUSTÍN CODAZZI', 12),
(417, 'ASTREA', 12),
(418, 'BECERRIL', 12),
(419, 'BOSCONIA', 12),
(420, 'CHIMICHAGUA', 12),
(421, 'CHIRIGUANÁ', 12),
(422, 'CURUMANÍ', 12),
(423, 'EL COPEY', 12),
(424, 'EL PASO', 12),
(425, 'GAMARRA', 12),
(426, 'GONZÁLEZ', 12),
(427, 'LA GLORIA', 12),
(428, 'LA JAGUA DE IBIRICO', 12),
(429, 'MANAURE BALCÓN DEL CESAR', 12),
(430, 'PAILITAS', 12),
(431, 'PELAYA', 12),
(432, 'PUEBLO BELLO', 12),
(433, 'RÍO DE ORO', 12),
(434, 'LA PAZ', 12),
(435, 'SAN ALBERTO', 12),
(436, 'SAN DIEGO', 12),
(437, 'SAN MARTÍN', 12),
(438, 'TAMALAMEQUE', 12),
(439, 'MONTERÍA', 14),
(440, 'AYAPEL', 14),
(441, 'BUENAVISTA', 14),
(442, 'CANALETE', 14),
(443, 'CERETÉ', 14),
(444, 'CHIMÁ', 14),
(445, 'CHINÚ', 14),
(446, 'CIÉNAGA DE ORO', 14),
(447, 'COTORRA', 14),
(448, 'LA APARTADA', 14),
(449, 'LORICA', 14),
(450, 'LOS CÓRDOBAS', 14),
(451, 'MOMIL', 14),
(452, 'MONTELÍBANO', 14),
(453, 'MOÑITOS', 14),
(454, 'PLANETA RICA', 14),
(455, 'PUEBLO NUEVO', 14),
(456, 'PUERTO ESCONDIDO', 14),
(457, 'PUERTO LIBERTADOR', 14),
(458, 'PURÍSIMA DE LA CONCEPCIÓN', 14),
(459, 'SAHAGÚN', 14),
(460, 'SAN ANDRÉS DE SOTAVENTO', 14),
(461, 'SAN ANTERO', 14),
(462, 'SAN BERNARDO DEL VIENTO', 14),
(463, 'SAN CARLOS', 14),
(464, 'SAN JOSÉ DE URÉ', 14),
(465, 'SAN PELAYO', 14),
(466, 'TIERRALTA', 14),
(467, 'TUCHÍN', 14),
(468, 'VALENCIA', 14),
(469, 'AGUA DE DIOS', 15),
(470, 'ALBÁN', 15),
(471, 'ANAPOIMA', 15),
(472, 'ANOLAIMA', 15),
(473, 'ARBELÁEZ', 15),
(474, 'BELTRÁN', 15),
(475, 'BITUIMA', 15),
(476, 'BOJACÁ', 15),
(477, 'CABRERA', 15),
(478, 'CACHIPAY', 15),
(479, 'CAJICÁ', 15),
(480, 'CAPARRAPÍ', 15),
(481, 'CÁQUEZA', 15),
(482, 'CARMEN DE CARUPA', 15),
(483, 'CHAGUANÍ', 15),
(484, 'CHÍA', 15),
(485, 'CHIPAQUE', 15),
(486, 'CHOACHÍ', 15),
(487, 'CHOCONTÁ', 15),
(488, 'COGUA', 15),
(489, 'COTA', 15),
(490, 'CUCUNUBÁ', 15),
(491, 'EL COLEGIO', 15),
(492, 'EL PEÑÓN', 15),
(493, 'EL ROSAL', 15),
(494, 'FACATATIVÁ', 15),
(495, 'FÓMEQUE', 15),
(496, 'FOSCA', 15),
(497, 'FUNZA', 15),
(498, 'FÚQUENE', 15),
(499, 'FUSAGASUGÁ', 15),
(500, 'GACHALÁ', 15),
(501, 'GACHANCIPÁ', 15),
(502, 'GACHETÁ', 15),
(503, 'GAMA', 15),
(504, 'GIRARDOT', 15),
(505, 'GRANADA', 15),
(506, 'GUACHETÁ', 15),
(507, 'GUADUAS', 15),
(508, 'GUASCA', 15),
(509, 'GUATAQUÍ', 15),
(510, 'GUATAVITA', 15),
(511, 'GUAYABAL DE SÍQUIMA', 15),
(512, 'GUAYABETAL', 15),
(513, 'GUTIÉRREZ', 15),
(514, 'JERUSALÉN', 15),
(515, 'JUNÍN', 15),
(516, 'LA CALERA', 15),
(517, 'LA MESA', 15),
(518, 'LA PALMA', 15),
(519, 'LA PEÑA', 15),
(520, 'LA VEGA', 15),
(521, 'LENGUAZAQUE', 15),
(522, 'MACHETÁ', 15),
(523, 'MADRID', 15),
(524, 'MANTA', 15),
(525, 'MEDINA', 15),
(526, 'MOSQUERA', 15),
(527, 'NARIÑO', 15),
(528, 'NEMOCÓN', 15),
(529, 'NILO', 15),
(530, 'NIMAIMA', 15),
(531, 'NOCAIMA', 15),
(532, 'VENECIA', 15),
(533, 'PACHO', 15),
(534, 'PAIME', 15),
(535, 'PANDI', 15),
(536, 'PARATEBUENO', 15),
(537, 'PASCA', 15),
(538, 'PUERTO SALGAR', 15),
(539, 'PULÍ', 15),
(540, 'QUEBRADANEGRA', 15),
(541, 'QUETAME', 15),
(542, 'QUIPILE', 15),
(543, 'APULO', 15),
(544, 'RICAURTE', 15),
(545, 'SAN ANTONIO DEL TEQUENDAMA', 15),
(546, 'SAN BERNARDO', 15),
(547, 'SAN CAYETANO', 15),
(548, 'SAN FRANCISCO', 15),
(549, 'SAN JUAN DE RIOSECO', 15),
(550, 'SASAIMA', 15),
(551, 'SESQUILÉ', 15),
(552, 'SIBATÉ', 15),
(553, 'SILVANIA', 15),
(554, 'SIMIJACA', 15),
(555, 'SOACHA', 15),
(556, 'SOPÓ', 15),
(557, 'SUBACHOQUE', 15),
(558, 'SUESCA', 15),
(559, 'SUPATÁ', 15),
(560, 'SUSA', 15),
(561, 'SUTATAUSA', 15),
(562, 'TABIO', 15),
(563, 'TAUSA', 15),
(564, 'TENA', 15),
(565, 'TENJO', 15),
(566, 'TIBACUY', 15),
(567, 'TIBIRITA', 15),
(568, 'TOCAIMA', 15),
(569, 'TOCANCIPÁ', 15),
(570, 'TOPAIPÍ', 15),
(571, 'UBALÁ', 15),
(572, 'UBAQUE', 15),
(573, 'VILLA DE SAN DIEGO DE UBATÉ', 15),
(574, 'UNE', 15),
(575, 'ÚTICA', 15),
(576, 'VERGARA', 15),
(577, 'VIANÍ', 15),
(578, 'VILLAGÓMEZ', 15),
(579, 'VILLAPINZÓN', 15),
(580, 'VILLETA', 15),
(581, 'VIOTÁ', 15),
(582, 'YACOPÍ', 15),
(583, 'ZIPACÓN', 15),
(584, 'ZIPAQUIRÁ', 15),
(585, 'QUIBDÓ', 13),
(586, 'ACANDÍ', 13),
(587, 'ALTO BAUDÓ', 13),
(588, 'ATRATO', 13),
(589, 'BAGADÓ', 13),
(590, 'BAHÍA SOLANO', 13),
(591, 'BAJO BAUDÓ', 13),
(592, 'BOJAYÁ', 13),
(593, 'EL CANTÓN DEL SAN PABLO', 13),
(594, 'CARMEN DEL DARIÉN', 13),
(595, 'CÉRTEGUI', 13),
(596, 'CONDOTO', 13),
(597, 'EL CARMEN DE ATRATO', 13),
(598, 'EL LITORAL DEL SAN JUAN', 13),
(599, 'ISTMINA', 13),
(600, 'JURADÓ', 13),
(601, 'LLORÓ', 13),
(602, 'MEDIO ATRATO', 13),
(603, 'MEDIO BAUDÓ', 13),
(604, 'MEDIO SAN JUAN', 13),
(605, 'NÓVITA', 13),
(606, 'NUEVO BELÉN DE BAJIRÁ', 13),
(607, 'NUQUÍ', 13),
(608, 'RÍO IRÓ', 13),
(609, 'RÍO QUITO', 13),
(610, 'RIOSUCIO', 13),
(611, 'SAN JOSÉ DEL PALMAR', 13),
(612, 'SIPÍ', 13),
(613, 'TADÓ', 13),
(614, 'UNGUÍA', 13),
(615, 'UNIÓN PANAMERICANA', 13),
(616, 'NEIVA', 18),
(617, 'ACEVEDO', 18),
(618, 'AGRADO', 18),
(619, 'AIPE', 18),
(620, 'ALGECIRAS', 18),
(621, 'ALTAMIRA', 18),
(622, 'BARAYA', 18),
(623, 'CAMPOALEGRE', 18),
(624, 'COLOMBIA', 18),
(625, 'ELÍAS', 18),
(626, 'GARZÓN', 18),
(627, 'GIGANTE', 18),
(628, 'GUADALUPE', 18),
(629, 'HOBO', 18),
(630, 'ÍQUIRA', 18),
(631, 'ISNOS', 18),
(632, 'LA ARGENTINA', 18),
(633, 'LA PLATA', 18),
(634, 'NÁTAGA', 18),
(635, 'OPORAPA', 18),
(636, 'PAICOL', 18),
(637, 'PALERMO', 18),
(638, 'PALESTINA', 18),
(639, 'PITAL', 18),
(640, 'PITALITO', 18),
(641, 'RIVERA', 18),
(642, 'SALADOBLANCO', 18),
(643, 'SAN AGUSTÍN', 18),
(644, 'SANTA MARÍA', 18),
(645, 'SUAZA', 18),
(646, 'TARQUI', 18),
(647, 'TESALIA', 18),
(648, 'TELLO', 18),
(649, 'TERUEL', 18),
(650, 'TIMANÁ', 18),
(651, 'VILLAVIEJA', 18),
(652, 'YAGUARÁ', 18),
(653, 'RIOHACHA', 19),
(654, 'ALBANIA', 19),
(655, 'BARRANCAS', 19),
(656, 'DIBULLA', 19),
(657, 'DISTRACCIÓN', 19),
(658, 'EL MOLINO', 19),
(659, 'FONSECA', 19),
(660, 'HATONUEVO', 19),
(661, 'LA JAGUA DEL PILAR', 19),
(662, 'MAICAO', 19),
(663, 'MANAURE', 19),
(664, 'SAN JUAN DEL CESAR', 19),
(665, 'URIBIA', 19),
(666, 'URUMITA', 19),
(667, 'VILLANUEVA', 19),
(668, 'SANTA MARTA', 20),
(669, 'ALGARROBO', 20),
(670, 'ARACATACA', 20),
(671, 'ARIGUANÍ', 20),
(672, 'CERRO DE SAN ANTONIO', 20),
(673, 'CHIVOLO', 20),
(674, 'CIÉNAGA', 20),
(675, 'CONCORDIA', 20),
(676, 'EL BANCO', 20),
(677, 'EL PIÑÓN', 20),
(678, 'EL RETÉN', 20),
(679, 'FUNDACIÓN', 20),
(680, 'GUAMAL', 20),
(681, 'NUEVA GRANADA', 20),
(682, 'PEDRAZA', 20),
(683, 'PIJIÑO DEL CARMEN', 20),
(684, 'PIVIJAY', 20),
(685, 'PLATO', 20),
(686, 'PUEBLOVIEJO', 20),
(687, 'REMOLINO', 20),
(688, 'SABANAS DE SAN ÁNGEL', 20),
(689, 'SALAMINA', 20),
(690, 'SAN SEBASTIÁN DE BUENAVISTA', 20),
(691, 'SAN ZENÓN', 20),
(692, 'SANTA ANA', 20),
(693, 'SANTA BÁRBARA DE PINTO', 20),
(694, 'SITIONUEVO', 20),
(695, 'TENERIFE', 20),
(696, 'ZAPAYÁN', 20),
(697, 'ZONA BANANERA', 20),
(698, 'VILLAVICENCIO', 21),
(699, 'ACACÍAS', 21),
(700, 'BARRANCA DE UPÍA', 21),
(701, 'CABUYARO', 21),
(702, 'CASTILLA LA NUEVA', 21),
(703, 'CUBARRAL', 21),
(704, 'CUMARAL', 21),
(705, 'EL CALVARIO', 21),
(706, 'EL CASTILLO', 21),
(707, 'EL DORADO', 21),
(708, 'FUENTE DE ORO', 21),
(709, 'GRANADA', 21),
(710, 'GUAMAL', 21),
(711, 'MAPIRIPÁN', 21),
(712, 'MESETAS', 21),
(713, 'LA MACARENA', 21),
(714, 'URIBE', 21),
(715, 'LEJANÍAS', 21),
(716, 'PUERTO CONCORDIA', 21),
(717, 'PUERTO GAITÁN', 21),
(718, 'PUERTO LÓPEZ', 21),
(719, 'PUERTO LLERAS', 21),
(720, 'PUERTO RICO', 21),
(721, 'RESTREPO', 21),
(722, 'SAN CARLOS DE GUAROA', 21),
(723, 'SAN JUAN DE ARAMA', 21),
(724, 'SAN JUANITO', 21),
(725, 'SAN MARTÍN', 21),
(726, 'VISTAHERMOSA', 21),
(727, 'PASTO', 22),
(728, 'ALBÁN', 22),
(729, 'ALDANA', 22),
(730, 'ANCUYA', 22),
(731, 'ARBOLEDA', 22),
(732, 'BARBACOAS', 22),
(733, 'BELÉN', 22),
(734, 'BUESACO', 22),
(735, 'COLÓN', 22),
(736, 'CONSACÁ', 22),
(737, 'CONTADERO', 22),
(738, 'CÓRDOBA', 22),
(739, 'CUASPUD CARLOSAMA', 22),
(740, 'CUMBAL', 22),
(741, 'CUMBITARA', 22),
(742, 'CHACHAGÜÍ', 22),
(743, 'EL CHARCO', 22),
(744, 'EL PEÑOL', 22),
(745, 'EL ROSARIO', 22),
(746, 'EL TABLÓN DE GÓMEZ', 22),
(747, 'EL TAMBO', 22),
(748, 'FUNES', 22),
(749, 'GUACHUCAL', 22),
(750, 'GUAITARILLA', 22),
(751, 'GUALMATÁN', 22),
(752, 'ILES', 22),
(753, 'IMUÉS', 22),
(754, 'IPIALES', 22),
(755, 'LA CRUZ', 22),
(756, 'LA FLORIDA', 22),
(757, 'LA LLANADA', 22),
(758, 'LA TOLA', 22),
(759, 'LA UNIÓN', 22),
(760, 'LEIVA', 22),
(761, 'LINARES', 22),
(762, 'LOS ANDES', 22),
(763, 'MAGÜÍ', 22),
(764, 'MALLAMA', 22),
(765, 'MOSQUERA', 22),
(766, 'NARIÑO', 22),
(767, 'OLAYA HERRERA', 22),
(768, 'OSPINA', 22),
(769, 'FRANCISCO PIZARRO', 22),
(770, 'POLICARPA', 22),
(771, 'POTOSÍ', 22),
(772, 'PROVIDENCIA', 22),
(773, 'PUERRES', 22),
(774, 'PUPIALES', 22),
(775, 'RICAURTE', 22),
(776, 'ROBERTO PAYÁN', 22),
(777, 'SAMANIEGO', 22),
(778, 'SANDONÁ', 22),
(779, 'SAN BERNARDO', 22),
(780, 'SAN LORENZO', 22),
(781, 'SAN PABLO', 22),
(782, 'SAN PEDRO DE CARTAGO', 22),
(783, 'SANTA BÁRBARA', 22),
(784, 'SANTACRUZ', 22),
(785, 'SAPUYES', 22),
(786, 'TAMINANGO', 22),
(787, 'TANGUA', 22),
(788, 'SAN ANDRÉS DE TUMACO', 22),
(789, 'TÚQUERRES', 22),
(790, 'YACUANQUER', 22),
(791, 'SAN JOSÉ DE CÚCUTA', 23),
(792, 'ÁBREGO', 23),
(793, 'ARBOLEDAS', 23),
(794, 'BOCHALEMA', 23),
(795, 'BUCARASICA', 23),
(796, 'CÁCOTA', 23),
(797, 'CÁCHIRA', 23),
(798, 'CHINÁCOTA', 23),
(799, 'CHITAGÁ', 23),
(800, 'CONVENCIÓN', 23),
(801, 'CUCUTILLA', 23),
(802, 'DURANIA', 23),
(803, 'EL CARMEN', 23),
(804, 'EL TARRA', 23),
(805, 'EL ZULIA', 23),
(806, 'GRAMALOTE', 23),
(807, 'HACARÍ', 23),
(808, 'HERRÁN', 23),
(809, 'LABATECA', 23),
(810, 'LA ESPERANZA', 23),
(811, 'LA PLAYA', 23),
(812, 'LOS PATIOS', 23),
(813, 'LOURDES', 23),
(814, 'MUTISCUA', 23),
(815, 'OCAÑA', 23),
(816, 'PAMPLONA', 23),
(817, 'PAMPLONITA', 23),
(818, 'PUERTO SANTANDER', 23),
(819, 'RAGONVALIA', 23),
(820, 'SALAZAR', 23),
(821, 'SAN CALIXTO', 23),
(822, 'SAN CAYETANO', 23),
(823, 'SANTIAGO', 23),
(824, 'SARDINATA', 23),
(825, 'SILOS', 23),
(826, 'TEORAMA', 23),
(827, 'TIBÚ', 23),
(828, 'TOLEDO', 23),
(829, 'VILLA CARO', 23),
(830, 'VILLA DEL ROSARIO', 23),
(831, 'ARMENIA', 25),
(832, 'BUENAVISTA', 25),
(833, 'CALARCÁ', 25),
(834, 'CIRCASIA', 25),
(835, 'CÓRDOBA', 25),
(836, 'FILANDIA', 25),
(837, 'GÉNOVA', 25),
(838, 'LA TEBAIDA', 25),
(839, 'MONTENEGRO', 25),
(840, 'PIJAO', 25),
(841, 'QUIMBAYA', 25),
(842, 'SALENTO', 25),
(843, 'PEREIRA', 26),
(844, 'APÍA', 26),
(845, 'BALBOA', 26),
(846, 'BELÉN DE UMBRÍA', 26),
(847, 'DOSQUEBRADAS', 26),
(848, 'GUÁTICA', 26),
(849, 'LA CELIA', 26),
(850, 'LA VIRGINIA', 26),
(851, 'MARSELLA', 26),
(852, 'MISTRATÓ', 26),
(853, 'PUEBLO RICO', 26),
(854, 'QUINCHÍA', 26),
(855, 'SANTA ROSA DE CABAL', 26),
(856, 'SANTUARIO', 26),
(857, 'BUCARAMANGA', 28),
(858, 'AGUADA', 28),
(859, 'ALBANIA', 28),
(860, 'ARATOCA', 28),
(861, 'BARBOSA', 28),
(862, 'BARICHARA', 28),
(863, 'BARRANCABERMEJA', 28),
(864, 'BETULIA', 28),
(865, 'BOLÍVAR', 28),
(866, 'CABRERA', 28),
(867, 'CALIFORNIA', 28),
(868, 'CAPITANEJO', 28),
(869, 'CARCASÍ', 28),
(870, 'CEPITÁ', 28),
(871, 'CERRITO', 28),
(872, 'CHARALÁ', 28),
(873, 'CHARTA', 28),
(874, 'CHIMA', 28),
(875, 'CHIPATÁ', 28),
(876, 'CIMITARRA', 28),
(877, 'CONCEPCIÓN', 28),
(878, 'CONFINES', 28),
(879, 'CONTRATACIÓN', 28),
(880, 'COROMORO', 28),
(881, 'CURITÍ', 28),
(882, 'EL CARMEN DE CHUCURÍ', 28),
(883, 'EL GUACAMAYO', 28),
(884, 'EL PEÑÓN', 28),
(885, 'EL PLAYÓN', 28),
(886, 'ENCINO', 28),
(887, 'ENCISO', 28),
(888, 'FLORIÁN', 28),
(889, 'FLORIDABLANCA', 28),
(890, 'GALÁN', 28),
(891, 'GÁMBITA', 28),
(892, 'GIRÓN', 28),
(893, 'GUACA', 28),
(894, 'GUADALUPE', 28),
(895, 'GUAPOTÁ', 28),
(896, 'GUAVATÁ', 28),
(897, 'GÜEPSA', 28),
(898, 'HATO', 28),
(899, 'JESÚS MARÍA', 28),
(900, 'JORDÁN', 28),
(901, 'LA BELLEZA', 28),
(902, 'LANDÁZURI', 28),
(903, 'LA PAZ', 28),
(904, 'LEBRIJA', 28),
(905, 'LOS SANTOS', 28),
(906, 'MACARAVITA', 28),
(907, 'MÁLAGA', 28),
(908, 'MATANZA', 28),
(909, 'MOGOTES', 28),
(910, 'MOLAGAVITA', 28),
(911, 'OCAMONTE', 28),
(912, 'OIBA', 28),
(913, 'ONZAGA', 28),
(914, 'PALMAR', 28),
(915, 'PALMAS DEL SOCORRO', 28),
(916, 'PÁRAMO', 28),
(917, 'PIEDECUESTA', 28),
(918, 'PINCHOTE', 28),
(919, 'PUENTE NACIONAL', 28),
(920, 'PUERTO PARRA', 28),
(921, 'PUERTO WILCHES', 28),
(922, 'RIONEGRO', 28),
(923, 'SABANA DE TORRES', 28),
(924, 'SAN ANDRÉS', 28),
(925, 'SAN BENITO', 28),
(926, 'SAN GIL', 28),
(927, 'SAN JOAQUÍN', 28),
(928, 'SAN JOSÉ DE MIRANDA', 28),
(929, 'SAN MIGUEL', 28),
(930, 'SAN VICENTE DE CHUCURÍ', 28),
(931, 'SANTA BÁRBARA', 28),
(932, 'SANTA HELENA DEL OPÓN', 28),
(933, 'SIMACOTA', 28),
(934, 'SOCORRO', 28),
(935, 'SUAITA', 28),
(936, 'SUCRE', 28),
(937, 'SURATÁ', 28),
(938, 'TONA', 28),
(939, 'VALLE DE SAN JOSÉ', 28),
(940, 'VÉLEZ', 28),
(941, 'VETAS', 28),
(942, 'VILLANUEVA', 28),
(943, 'ZAPATOCA', 28),
(944, 'SINCELEJO', 29),
(945, 'BUENAVISTA', 29),
(946, 'CAIMITO', 29),
(947, 'COLOSÓ', 29),
(948, 'COROZAL', 29),
(949, 'COVEÑAS', 29),
(950, 'CHALÁN', 29),
(951, 'EL ROBLE', 29),
(952, 'GALERAS', 29),
(953, 'GUARANDA', 29),
(954, 'LA UNIÓN', 29),
(955, 'LOS PALMITOS', 29),
(956, 'MAJAGUAL', 29),
(957, 'MORROA', 29),
(958, 'OVEJAS', 29),
(959, 'PALMITO', 29),
(960, 'SAMPUÉS', 29),
(961, 'SAN BENITO ABAD', 29),
(962, 'SAN JUAN DE BETULIA', 29),
(963, 'SAN MARCOS', 29),
(964, 'SAN ONOFRE', 29),
(965, 'SAN PEDRO', 29),
(966, 'SAN LUIS DE SINCÉ', 29),
(967, 'SUCRE', 29),
(968, 'SANTIAGO DE TOLÚ', 29),
(969, 'SAN JOSÉ DE TOLUVIEJO', 29),
(970, 'IBAGUÉ', 30),
(971, 'ALPUJARRA', 30),
(972, 'ALVARADO', 30),
(973, 'AMBALEMA', 30),
(974, 'ANZOÁTEGUI', 30),
(975, 'ARMERO', 30),
(976, 'ATACO', 30),
(977, 'CAJAMARCA', 30),
(978, 'CARMEN DE APICALÁ', 30),
(979, 'CASABIANCA', 30),
(980, 'CHAPARRAL', 30),
(981, 'COELLO', 30),
(982, 'COYAIMA', 30),
(983, 'CUNDAY', 30),
(984, 'DOLORES', 30),
(985, 'ESPINAL', 30),
(986, 'FALAN', 30),
(987, 'FLANDES', 30),
(988, 'FRESNO', 30),
(989, 'GUAMO', 30),
(990, 'HERVEO', 30),
(991, 'HONDA', 30),
(992, 'ICONONZO', 30),
(993, 'LÉRIDA', 30),
(994, 'LÍBANO', 30),
(995, 'SAN SEBASTIÁN DE MARIQUITA', 30),
(996, 'MELGAR', 30),
(997, 'MURILLO', 30),
(998, 'NATAGAIMA', 30),
(999, 'ORTEGA', 30),
(1000, 'PALOCABILDO', 30),
(1001, 'PIEDRAS', 30),
(1002, 'PLANADAS', 30),
(1003, 'PRADO', 30),
(1004, 'PURIFICACIÓN', 30),
(1005, 'RIOBLANCO', 30),
(1006, 'RONCESVALLES', 30),
(1007, 'ROVIRA', 30),
(1008, 'SALDAÑA', 30),
(1009, 'SAN ANTONIO', 30),
(1010, 'SAN LUIS', 30),
(1011, 'SANTA ISABEL', 30),
(1012, 'SUÁREZ', 30),
(1013, 'VALLE DE SAN JUAN', 30),
(1014, 'VENADILLO', 30),
(1015, 'VILLAHERMOSA', 30),
(1016, 'VILLARRICA', 30),
(1017, 'SANTIAGO DE CALI', 31),
(1018, 'ALCALÁ', 31),
(1019, 'ANDALUCÍA', 31),
(1020, 'ANSERMANUEVO', 31),
(1021, 'ARGELIA', 31),
(1022, 'BOLÍVAR', 31),
(1023, 'BUENAVENTURA', 31),
(1024, 'GUADALAJARA DE BUGA', 31),
(1025, 'BUGALAGRANDE', 31),
(1026, 'CAICEDONIA', 31),
(1027, 'CALIMA', 31),
(1028, 'CANDELARIA', 31),
(1029, 'CARTAGO', 31),
(1030, 'DAGUA', 31),
(1031, 'EL ÁGUILA', 31),
(1032, 'EL CAIRO', 31),
(1033, 'EL CERRITO', 31),
(1034, 'EL DOVIO', 31),
(1035, 'FLORIDA', 31),
(1036, 'GINEBRA', 31),
(1037, 'GUACARÍ', 31),
(1038, 'JAMUNDÍ', 31),
(1039, 'LA CUMBRE', 31),
(1040, 'LA UNIÓN', 31),
(1041, 'LA VICTORIA', 31),
(1042, 'OBANDO', 31),
(1043, 'PALMIRA', 31),
(1044, 'PRADERA', 31),
(1045, 'RESTREPO', 31),
(1046, 'RIOFRÍO', 31),
(1047, 'ROLDANILLO', 31),
(1048, 'SAN PEDRO', 31),
(1049, 'SEVILLA', 31),
(1050, 'TORO', 31),
(1051, 'TRUJILLO', 31),
(1052, 'TULUÁ', 31),
(1053, 'ULLOA', 31),
(1054, 'VERSALLES', 31),
(1055, 'VIJES', 31),
(1056, 'YOTOCO', 31),
(1057, 'YUMBO', 31),
(1058, 'ZARZAL', 31),
(1059, 'ARAUCA', 3),
(1060, 'ARAUQUITA', 3),
(1061, 'CRAVO NORTE', 3),
(1062, 'FORTUL', 3),
(1063, 'PUERTO RONDÓN', 3),
(1064, 'SARAVENA', 3),
(1065, 'TAME', 3),
(1066, 'YOPAL', 10),
(1067, 'AGUAZUL', 10),
(1068, 'CHÁMEZA', 10),
(1069, 'HATO COROZAL', 10),
(1070, 'LA SALINA', 10),
(1071, 'MANÍ', 10),
(1072, 'MONTERREY', 10),
(1073, 'NUNCHÍA', 10),
(1074, 'OROCUÉ', 10),
(1075, 'PAZ DE ARIPORO', 10),
(1076, 'PORE', 10),
(1077, 'RECETOR', 10),
(1078, 'SABANALARGA', 10),
(1079, 'SÁCAMA', 10),
(1080, 'SAN LUIS DE PALENQUE', 10),
(1081, 'TÁMARA', 10),
(1082, 'TAURAMENA', 10),
(1083, 'TRINIDAD', 10),
(1084, 'VILLANUEVA', 10),
(1085, 'MOCOA', 24),
(1086, 'COLÓN', 24),
(1087, 'ORITO', 24),
(1088, 'PUERTO ASÍS', 24),
(1089, 'PUERTO CAICEDO', 24),
(1090, 'PUERTO GUZMÁN', 24),
(1091, 'PUERTO LEGUÍZAMO', 24),
(1092, 'SIBUNDOY', 24),
(1093, 'SAN FRANCISCO', 24),
(1094, 'SAN MIGUEL', 24),
(1095, 'SANTIAGO', 24),
(1096, 'VALLE DEL GUAMUEZ', 24),
(1097, 'VILLAGARZÓN', 24),
(1098, 'SAN ANDRÉS', 27),
(1099, 'PROVIDENCIA', 27),
(1100, 'MIRITÍ - PARANÁ', 1),
(1101, 'PUERTO ALEGRÍA', 1),
(1102, 'INÍRIDA', 16),
(1103, 'BARRANCOMINAS', 16),
(1104, 'SAN FELIPE', 16),
(1105, 'PUERTO COLOMBIA', 16),
(1106, 'LA GUADALUPE', 16),
(1107, 'CACAHUAL', 16),
(1108, 'PANA PANA', 16),
(1109, 'MORICHAL', 16),
(1110, 'SAN JOSÉ DEL GUAVIARE', 17),
(1111, 'CALAMAR', 17),
(1112, 'EL RETORNO', 17),
(1113, 'MIRAFLORES', 17),
(1114, 'MITÚ', 32),
(1115, 'CARURÚ', 32),
(1116, 'PACOA', 32),
(1117, 'TARAIRA', 32),
(1118, 'PAPUNAHUA', 32),
(1119, 'YAVARATÉ', 32),
(1120, 'PUERTO CARREÑO', 33),
(1121, 'LA PRIMAVERA', 33),
(1122, 'SANTA ROSALÍA', 33),
(1123, 'CUMARIBO', 33);

-- --------------------------------------------------------

--
-- Estructura de tabla para la tabla `cliente`
--

CREATE TABLE `cliente` (
  `identificacion` int(15) NOT NULL,
  `nombre` varchar(100) NOT NULL,
  `direccion` varchar(100) NOT NULL,
  `idCiudad` int(4) NOT NULL
) ENGINE=InnoDB DEFAULT CHARSET=utf8mb4 COLLATE=utf8mb4_general_ci;

--
-- Volcado de datos para la tabla `cliente`
--

INSERT INTO `cliente` (`identificacion`, `nombre`, `direccion`, `idCiudad`) VALUES
(830066626, 'CLINICA MEDIHELP SERVICE', 'Cra 6 # 5-101 Bocagrande', 160);

-- --------------------------------------------------------

--
-- Estructura de tabla para la tabla `colaborador`
--

CREATE TABLE `colaborador` (
  `identificacion` int(10) NOT NULL,
  `nombre` varchar(100) NOT NULL,
  `correo` varchar(100) NOT NULL,
  `telefono` varchar(20) NOT NULL,
  `direccion` varchar(100) NOT NULL,
  `rh` int(1) NOT NULL,
  `idCiudad` int(4) NOT NULL,
  `idCargo` int(1) NOT NULL,
  `nacimiento` date DEFAULT NULL,
  `ingreso` date DEFAULT NULL,
  `salida` date DEFAULT NULL
) ENGINE=InnoDB DEFAULT CHARSET=utf8mb4 COLLATE=utf8mb4_general_ci;

--
-- Volcado de datos para la tabla `colaborador`
--

INSERT INTO `colaborador` (`identificacion`, `nombre`, `correo`, `telefono`, `direccion`, `rh`, `idCiudad`, `idCargo`, `nacimiento`, `ingreso`, `salida`) VALUES
(86066225, 'Alvaro Augusto Rubiano Guarnizo', 'rubiano124@gmail.com', '3203712166', 'Calle 6 Sur No. 23-137 T5-402', 1, 523, 3, '1980-11-08', '2025-02-17', '2025-07-30');

-- --------------------------------------------------------

--
-- Estructura de tabla para la tabla `departamento`
--

CREATE TABLE `departamento` (
  `idDepartamento` int(2) NOT NULL,
  `departamento` varchar(50) NOT NULL
) ENGINE=InnoDB DEFAULT CHARSET=utf8mb4 COLLATE=utf8mb4_general_ci;

--
-- Volcado de datos para la tabla `departamento`
--

INSERT INTO `departamento` (`idDepartamento`, `departamento`) VALUES
(1, 'Amazonas'),
(2, 'Antioquia'),
(3, 'Arauca'),
(4, 'Atlántico'),
(5, 'Bogotá D.C.'),
(6, 'Bolívar'),
(7, 'Boyacá'),
(8, 'Caldas'),
(9, 'Caquetá'),
(10, 'Casanare'),
(11, 'Cauca'),
(12, 'Cesar'),
(13, 'Chocó'),
(14, 'Córdoba'),
(15, 'Cundinamarca'),
(16, 'Guainía'),
(17, 'Guaviare'),
(18, 'Huila'),
(19, 'La Guajira'),
(20, 'Magdalena'),
(21, 'Meta'),
(22, 'Nariño'),
(23, 'Norte de Santander'),
(24, 'Putumayo'),
(25, 'Quindío'),
(26, 'Risaralda'),
(27, 'San Andrés y Providencia'),
(28, 'Santander'),
(29, 'Sucre'),
(30, 'Tolima'),
(31, 'Valle del Cauca'),
(32, 'Vaupés'),
(33, 'Vichada');

-- --------------------------------------------------------

--
-- Estructura de tabla para la tabla `especialista`
--

CREATE TABLE `especialista` (
  `identificacion` varchar(15) NOT NULL,
  `nombre` varchar(100) NOT NULL,
  `idCiudad` int(4) NOT NULL
) ENGINE=InnoDB DEFAULT CHARSET=utf8mb4 COLLATE=utf8mb4_general_ci;

--
-- Volcado de datos para la tabla `especialista`
--

INSERT INTO `especialista` (`identificacion`, `nombre`, `idCiudad`) VALUES
('1317-90', 'GUSTAVO ENRIQUE MATSON CARBALLO', 160);

-- --------------------------------------------------------

--
-- Estructura de tabla para la tabla `estado`
--

CREATE TABLE `estado` (
  `idRegistro` int(1) NOT NULL,
  `estado` varchar(50) NOT NULL
) ENGINE=InnoDB DEFAULT CHARSET=utf8mb4 COLLATE=utf8mb4_general_ci;

--
-- Volcado de datos para la tabla `estado`
--

INSERT INTO `estado` (`idRegistro`, `estado`) VALUES
(1, 'Activo'),
(2, 'Inactivo');

-- --------------------------------------------------------

--
-- Estructura de tabla para la tabla `indicativo`
--

CREATE TABLE `indicativo` (
  `indicativo` varchar(10) NOT NULL,
  `pais` varchar(50) NOT NULL
) ENGINE=InnoDB DEFAULT CHARSET=utf8mb4 COLLATE=utf8mb4_general_ci;

--
-- Volcado de datos para la tabla `indicativo`
--

INSERT INTO `indicativo` (`indicativo`, `pais`) VALUES
('+57', 'Colombia'),
('93', 'Afganistán'),
('355', 'Albania'),
('49', 'Alemania'),
('376', 'Andorra'),
('244', 'Angola'),
('1 264', 'Anguila'),
('672', 'Antártida'),
('1 268', 'Antigua y Barbuda'),
('966', 'Arabia Saudita'),
('213', 'Argelia'),
('54', 'Argentina'),
('374', 'Armenia'),
('297', 'Aruba'),
('61', 'Australia'),
('43', 'Austria'),
('994', 'Azerbaiyán'),
('32', 'Bélgica'),
('1 242', 'Bahamas'),
('973', 'Bahrein'),
('880', 'Bangladesh'),
('1 246', 'Barbados'),
('501', 'Belice'),
('229', 'Benín'),
('975', 'Bhután'),
('375', 'Bielorrusia'),
('95', 'Birmania'),
('591', 'Bolivia'),
('387', 'Bosnia y Herzegovina'),
('267', 'Botsuana'),
('55', 'Brasil'),
('673', 'Brunéi'),
('359', 'Bulgaria'),
('226', 'Burkina Faso'),
('257', 'Burundi'),
('238', 'Cabo Verde'),
('855', 'Camboya'),
('237', 'Camerún'),
('1', 'Canadá'),
('235', 'Chad'),
('56', 'Chile'),
('86', 'China'),
('357', 'Chipre'),
('39', 'Ciudad del Vaticano'),
('269', 'Comoras'),
('242', 'República del Congo'),
('243', 'República Democrática del Congo'),
('850', 'Corea del Norte'),
('82', 'Corea del Sur'),
('225', 'Costa de Marfil'),
('506', 'Costa Rica'),
('385', 'Croacia'),
('53', 'Cuba'),
('5999', 'Curazao'),
('45', 'Dinamarca'),
('1 767', 'Dominica'),
('593', 'Ecuador'),
('20', 'Egipto'),
('503', 'El Salvador'),
('971', 'Emiratos Árabes Unidos'),
('291', 'Eritrea'),
('421', 'Eslovaquia'),
('386', 'Eslovenia'),
('34', 'España'),
('1', 'Estados Unidos de América'),
('372', 'Estonia'),
('251', 'Etiopía'),
('63', 'Filipinas'),
('358', 'Finlandia'),
('679', 'Fiyi'),
('33', 'Francia'),
('241', 'Gabón'),
('220', 'Gambia'),
('995', 'Georgia'),
('233', 'Ghana'),
('350', 'Gibraltar'),
('1 473', 'Granada'),
('30', 'Grecia'),
('299', 'Groenlandia'),
('590', 'Guadalupe'),
('1 671', 'Guam'),
('502', 'Guatemala'),
('594', 'Guayana Francesa'),
('44', 'Guernsey'),
('224', 'Guinea'),
('240', 'Guinea Ecuatorial'),
('245', 'Guinea-Bissau'),
('592', 'Guyana'),
('509', 'Haití'),
('504', 'Honduras'),
('852', 'Hong kong'),
('36', 'Hungría'),
('91', 'India'),
('62', 'Indonesia'),
('98', 'Irán'),
('964', 'Irak'),
('353', 'Irlanda'),
('44', 'Isla de Man'),
('61', 'Isla de Navidad'),
('672', 'Isla Norfolk'),
('354', 'Islandia'),
('1 441', 'Islas Bermudas'),
('1 345', 'Islas Caimán'),
('61', 'Islas Cocos (Keeling)'),
('682', 'Islas Cook'),
('358', 'Islas de Åland'),
('298', 'Islas Feroe'),
('500', 'Islas Georgias del Sur y Sandwich del Sur'),
('960', 'Islas Maldivas'),
('500', 'Islas Malvinas'),
('1 670', 'Islas Marianas del Norte'),
('692', 'Islas Marshall'),
('870', 'Islas Pitcairn'),
('677', 'Islas Salomón'),
('1 649', 'Islas Turcas y Caicos'),
('246', 'Islas Ultramarinas Menores de Estados Unidos'),
('1 284', 'Islas Vírgenes Británicas'),
('1 340', 'Islas Vírgenes de los Estados Unidos'),
('972', 'Israel'),
('39', 'Italia'),
('1 876', 'Jamaica'),
('81', 'Japón'),
('44', 'Jersey'),
('962', 'Jordania'),
('7', 'Kazajistán'),
('254', 'Kenia'),
('996', 'Kirguistán'),
('686', 'Kiribati'),
('965', 'Kuwait'),
('961', 'Líbano'),
('856', 'Laos'),
('266', 'Lesoto'),
('371', 'Letonia'),
('231', 'Liberia'),
('218', 'Libia'),
('423', 'Liechtenstein'),
('370', 'Lituania'),
('352', 'Luxemburgo'),
('52', 'México'),
('377', 'Mónaco'),
('853', 'Macao'),
('389', 'Macedônia'),
('261', 'Madagascar'),
('60', 'Malasia'),
('265', 'Malawi'),
('223', 'Mali'),
('356', 'Malta'),
('212', 'Marruecos'),
('596', 'Martinica'),
('230', 'Mauricio'),
('222', 'Mauritania'),
('262', 'Mayotte'),
('691', 'Micronesia'),
('373', 'Moldavia'),
('976', 'Mongolia'),
('382', 'Montenegro'),
('1 664', 'Montserrat'),
('258', 'Mozambique'),
('264', 'Namibia'),
('674', 'Nauru'),
('977', 'Nepal'),
('505', 'Nicaragua'),
('227', 'Niger'),
('234', 'Nigeria'),
('683', 'Niue'),
('47', 'Noruega'),
('687', 'Nueva Caledonia'),
('64', 'Nueva Zelanda'),
('968', 'Omán'),
('31', 'Países Bajos'),
('92', 'Pakistán'),
('680', 'Palau'),
('970', 'Palestina'),
('507', 'Panamá'),
('675', 'Papúa Nueva Guinea'),
('595', 'Paraguay'),
('51', 'Perú'),
('689', 'Polinesia Francesa'),
('48', 'Polonia'),
('351', 'Portugal'),
('1', 'Puerto Rico'),
('974', 'Qatar'),
('44', 'Reino Unido'),
('236', 'República Centroafricana'),
('420', 'República Checa'),
('1 809', 'República Dominicana'),
('211', 'República de Sudán del Sur'),
('262', 'Reunión'),
('250', 'Ruanda'),
('40', 'Rumanía'),
('7', 'Rusia'),
('212', 'Sahara Occidental'),
('685', 'Samoa'),
('1 684', 'Samoa Americana'),
('590', 'San Bartolomé'),
('1 869', 'San Cristóbal y Nieves'),
('378', 'San Marino'),
('1 599', 'San Martín (Francia)'),
('508', 'San Pedro y Miquelón'),
('1 784', 'San Vicente y las Granadinas'),
('290', 'Santa Elena'),
('1 758', 'Santa Lucía'),
('239', 'Santo Tomé y Príncipe'),
('221', 'Senegal'),
('381', 'Serbia'),
('248', 'Seychelles'),
('232', 'Sierra Leona'),
('65', 'Singapur'),
('1 721', 'Sint Maarten'),
('963', 'Siria'),
('252', 'Somalia'),
('94', 'Sri lanka'),
('27', 'Sudáfrica'),
('249', 'Sudán'),
('46', 'Suecia'),
('41', 'Suiza'),
('597', 'Surinám'),
('47', 'Svalbard y Jan Mayen'),
('268', 'Swazilandia'),
('992', 'Tayikistán'),
('66', 'Tailandia'),
('886', 'Taiwán'),
('255', 'Tanzania'),
('246', 'Territorio Británico del Océano Índico'),
('228', 'Timor Oriental'),
('228', 'Togo'),
('690', 'Tokelau'),
('676', 'Tonga'),
('1 868', 'Trinidad y Tobago'),
('216', 'Tunez'),
('993', 'Turkmenistán'),
('90', 'Turquía'),
('688', 'Tuvalu'),
('380', 'Ucrania'),
('256', 'Uganda'),
('598', 'Uruguay'),
('998', 'Uzbekistán'),
('678', 'Vanuatu'),
('58', 'Venezuela'),
('84', 'Vietnam'),
('681', 'Wallis y Futuna'),
('967', 'Yemen'),
('253', 'Yibuti'),
('260', 'Zambia'),
('263', 'Zimbabue');

-- --------------------------------------------------------

--
-- Estructura de tabla para la tabla `proveedor`
--

CREATE TABLE `proveedor` (
  `identificacion` int(15) NOT NULL,
  `nombre` varchar(100) NOT NULL,
  `direccion` varchar(100) DEFAULT NULL,
  `telefono` varchar(15) DEFAULT NULL,
  `contacto` varchar(100) DEFAULT NULL,
  `correo` varchar(100) NOT NULL,
  `idCiudad` int(4) NOT NULL
) ENGINE=InnoDB DEFAULT CHARSET=utf8mb4 COLLATE=utf8mb4_general_ci;

--
-- Volcado de datos para la tabla `proveedor`
--

INSERT INTO `proveedor` (`identificacion`, `nombre`, `direccion`, `telefono`, `contacto`, `correo`, `idCiudad`) VALUES
(804010334, 'MEDIIMPLANTES SA', 'Parque Industrial Manzana C, Bodega 10 ', '+573102492903', 'VIRGINIA ROSA TORNE MORENO', 'virginia.torne@mediimplantes.com', 857),
(830035101, 'OSEOMED SAS', 'CALLE 1 A 65 A 36', '+573175167683', 'DAVID BELTRAN', 'dbeltran@oseomed.co', 11),
(900124455, 'Smith & Nephew Colombia S A S', 'CALLE 100 7 33 TORRE 1 PISO 3', '+573107984246', 'Hernando Cotera Velásquez', 'hernando.cotera@smith-nephew.com', 1),
(900294380, 'Líneas Hospitalarias - LH SAS', 'Carrera 32 N° 36-13', '+573004333752', 'Jairo Diaz', 'lh.cartagena@lineashospitalarias.com', 857),
(900403832, 'STRYKER Colombia SAS', 'Calle 116 No. 7-15. Piso 10, oficina 1001.', '+573165248493', 'Cindy Ortiz', 'cindy.ortiz@stryker.com', 1),
(901652290, 'Sharma Orthopedic Lat S.a.s', 'CALLE 36#83-33 Primer piso', '+573138836581', 'Maria Alejandra Aparicio', 'ventas1.colombia@sharmaortho.com', 1);

-- --------------------------------------------------------

--
-- Estructura de tabla para la tabla `rh`
--

CREATE TABLE `rh` (
  `registro` int(1) NOT NULL,
  `rh` varchar(5) NOT NULL
) ENGINE=InnoDB DEFAULT CHARSET=utf8mb4 COLLATE=utf8mb4_general_ci;

--
-- Volcado de datos para la tabla `rh`
--

INSERT INTO `rh` (`registro`, `rh`) VALUES
(1, 'A+'),
(2, 'A-'),
(3, 'B+'),
(4, 'B-'),
(5, 'AB+'),
(6, 'AB-'),
(7, 'O+'),
(8, 'O-');

-- --------------------------------------------------------

--
-- Estructura de tabla para la tabla `usuario`
--

CREATE TABLE `usuario` (
  `identificacion` int(10) NOT NULL,
  `usuario` varchar(100) NOT NULL,
  `password` varchar(100) NOT NULL,
  `idEstado` int(1) NOT NULL,
  `idCargo` int(1) NOT NULL
) ENGINE=InnoDB DEFAULT CHARSET=utf8mb4 COLLATE=utf8mb4_general_ci;

--
-- Volcado de datos para la tabla `usuario`
--

INSERT INTO `usuario` (`identificacion`, `usuario`, `password`, `idEstado`, `idCargo`) VALUES
(86066225, 'alvaro.rubiano', 'alvaro.rubiano', 1, 3);

--
-- Índices para tablas volcadas
--

--
-- Indices de la tabla `cargo`
--
ALTER TABLE `cargo`
  ADD PRIMARY KEY (`idCargo`);

--
-- Indices de la tabla `ciudad`
--
ALTER TABLE `ciudad`
  ADD PRIMARY KEY (`idCiudad`);

--
-- Indices de la tabla `cliente`
--
ALTER TABLE `cliente`
  ADD PRIMARY KEY (`identificacion`),
  ADD KEY `ciudad` (`idCiudad`);

--
-- Indices de la tabla `colaborador`
--
ALTER TABLE `colaborador`
  ADD PRIMARY KEY (`identificacion`),
  ADD KEY `idCiudad` (`idCiudad`),
  ADD KEY `idCargo` (`idCargo`);

--
-- Indices de la tabla `departamento`
--
ALTER TABLE `departamento`
  ADD PRIMARY KEY (`idDepartamento`);

--
-- Indices de la tabla `especialista`
--
ALTER TABLE `especialista`
  ADD PRIMARY KEY (`identificacion`),
  ADD KEY `ciudad` (`idCiudad`);

--
-- Indices de la tabla `estado`
--
ALTER TABLE `estado`
  ADD PRIMARY KEY (`idRegistro`);

--
-- Indices de la tabla `proveedor`
--
ALTER TABLE `proveedor`
  ADD PRIMARY KEY (`identificacion`),
  ADD KEY `ciudad` (`idCiudad`);

--
-- Indices de la tabla `rh`
--
ALTER TABLE `rh`
  ADD PRIMARY KEY (`registro`);

--
-- Indices de la tabla `usuario`
--
ALTER TABLE `usuario`
  ADD PRIMARY KEY (`identificacion`),
  ADD KEY `idEstado` (`idEstado`),
  ADD KEY `idCargo` (`idCargo`);

--
-- AUTO_INCREMENT de las tablas volcadas
--

--
-- AUTO_INCREMENT de la tabla `cargo`
--
ALTER TABLE `cargo`
  MODIFY `idCargo` int(1) NOT NULL AUTO_INCREMENT, AUTO_INCREMENT=7;

--
-- AUTO_INCREMENT de la tabla `ciudad`
--
ALTER TABLE `ciudad`
  MODIFY `idCiudad` int(4) NOT NULL AUTO_INCREMENT, AUTO_INCREMENT=1124;

--
-- AUTO_INCREMENT de la tabla `departamento`
--
ALTER TABLE `departamento`
  MODIFY `idDepartamento` int(2) NOT NULL AUTO_INCREMENT, AUTO_INCREMENT=34;

--
-- AUTO_INCREMENT de la tabla `estado`
--
ALTER TABLE `estado`
  MODIFY `idRegistro` int(1) NOT NULL AUTO_INCREMENT, AUTO_INCREMENT=3;

--
-- AUTO_INCREMENT de la tabla `rh`
--
ALTER TABLE `rh`
  MODIFY `registro` int(1) NOT NULL AUTO_INCREMENT, AUTO_INCREMENT=9;

--
-- Restricciones para tablas volcadas
--

--
-- Filtros para la tabla `usuario`
--
ALTER TABLE `usuario`
  ADD CONSTRAINT `usuario_ibfk_1` FOREIGN KEY (`idCargo`) REFERENCES `cargo` (`idCargo`) ON DELETE CASCADE ON UPDATE CASCADE,
  ADD CONSTRAINT `usuario_ibfk_2` FOREIGN KEY (`idEstado`) REFERENCES `estado` (`idRegistro`) ON DELETE CASCADE ON UPDATE CASCADE;
COMMIT;

/*!40101 SET CHARACTER_SET_CLIENT=@OLD_CHARACTER_SET_CLIENT */;
/*!40101 SET CHARACTER_SET_RESULTS=@OLD_CHARACTER_SET_RESULTS */;
/*!40101 SET COLLATION_CONNECTION=@OLD_COLLATION_CONNECTION */;
